{
  "checkpoint": "checkpoint_step_1000000_final.pt",
  "metrics": {
    "mlm_loss": 0.36951374940737025,
    "mlm_acc": 0.8979494051939458,
    "f1_macro": 0.8208879880033683,
    "ctc_loss": 0.24716442477707645,
    "wer": 0.05539747124876325
  }
}